Company,Website,Category,City,State,Country,Phone,Email
Austin Dental Spa,https://austindentalspa.com,Dentist & Cosmetic Dental,Austin,TX,United States,512-452-9296,info@austindentalspa.com
Apex Plumbing & HVAC Services,https://apexplumbingpros.com,HVAC & Plumbing Contractors,Dallas,TX,United States,214-555-0182,service@apexplumbingpros.com
Calgary Integrative Wellness Clinic,https://calgarywellness.ca,Healthcare & Medical Clinic,Calgary,AB,Canada,403-555-0144,intake@calgarywellness.ca
Sydney Legal & Corporate Counsel,https://sydneylegalcounsel.com.au,Legal & Corporate Advisory,Sydney,NSW,Australia,02-8555-0199,enquiries@sydneylegalcounsel.com.au
Dubai Elite Property Advisors,https://dubaiestateadvisors.ae,Real Estate & Property Management,Dubai,,United Arab Emirates,+971-4-555-0133,contact@dubaiestateadvisors.ae
Pacific Northwest Roofing Solutions,https://pnwroofingcontractors.com,Roofing & Construction,Seattle,WA,United States,206-555-0177,quotes@pnwroofingcontractors.com
Toronto Modern Accounting Group,https://torontomoderncpa.ca,Accounting & Tax Advisory,Toronto,ON,Canada,416-555-0165,clients@torontomoderncpa.ca
Melbourne Specialist Dental Care,https://melbournespecialistdental.com.au,Dental Clinic,Melbourne,VIC,Australia,03-9555-0122,reception@melbournespecialistdental.com.au
Gulf Logistics & Freight Solutions,https://gulflogisticsuae.ae,Logistics & Commercial Freight,Abu Dhabi,,United Arab Emirates,+971-2-555-0188,operations@gulflogisticsuae.ae
Austin Commercial Builders,https://austincommercialbuilders.com,Commercial Construction,Austin,TX,United States,512-555-0149,contact@austincommercialbuilders.com
